{
  "project_info": {
    "project_number": "1085784541976",
    "project_id": "chat-meta-35594",
    "storage_bucket": "chat-meta-35594.appspot.com"
  },
  "client": [
    {
      "client_info": {
        "mobilesdk_app_id": "1:1085784541976:android:bc17d754aa5f903566ec6d",
        "android_client_info": {
          "package_name": "com.example.chat_application_iub_cse464"
        }
      },
      "oauth_client": [],
      "api_key": [
        {
          "current_key": "AIzaSyDslDE6KXEuLrH_z2HXB4A1KMNyYp8aBp4"
        }
      ],
      "services": {
        "appinvite_service": {
          "other_platform_oauth_client": []
        }
      }
    }
  ],
  "configuration_version": "1"
}